{"cameraMode":{"drawMode":0,"name":"Shaded","section":"Shading Mode"},"sceneLighting":true,"audioPlay":false,"sceneViewState":{"showFog":true,"showMaterialUpdate":false,"showSkybox":true,"showFlares":true,"showImageEffects":true,"showParticleSystems":true},"in2DMode":false,"pivot":{"x":3.5689520835876467,"y":-0.5299735069274902,"z":-6.256864547729492},"rotation":{"x":0.01812078431248665,"y":-0.9636731743812561,"z":0.25770965218544009,"w":0.06776047497987747},"size":20.228851318359376,"orthographic":false}